<?xml version="1.0" encoding="UTF-8"?>
<project-private xmlns="http://www.netbeans.org/ns/project-private/1">
    <editor-bookmarks xmlns="http://www.netbeans.org/ns/editor-bookmarks/2" lastBookmarkId="0"/>
    <open-files xmlns="http://www.netbeans.org/ns/projectui-open-files/2">
        <group>
            <file>file:/C:/xampp/htdocs/symShop/app/config/routing.yml</file>
            <file>file:/C:/xampp/htdocs/symShop/web/css/style.css</file>
            <file>file:/C:/xampp/htdocs/symShop/src/AppBundle/Controller/ProductController.php</file>
            <file>file:/C:/xampp/htdocs/symShop/app/Resources/views/product/show.html.twig</file>
            <file>file:/C:/xampp/htdocs/symShop/app/Resources/views/base.html.twig</file>
            <file>file:/C:/xampp/htdocs/symShop/app/config/parameters.yml</file>
            <file>file:/C:/xampp/htdocs/symShop/app/Resources/views/product/list.html.twig</file>
            <file>file:/C:/xampp/htdocs/symShop/src/AppBundle/Entity/products.php</file>
            <file>file:/C:/xampp/htdocs/symShop/app/Resources/views/product/homepage.html.twig</file>
            <file>file:/C:/xampp/htdocs/symShop/app/config/config.yml</file>
        </group>
    </open-files>
</project-private>
